{
  "name": "medium",
  "seed": 42,
  "config_path": "configs\\medium.yaml",
  "sweep_dir": "runs\\grokking\\medium",
  "epoch_checkpoints": [
    10,
    50,
    100,
    500,
    1000,
    5000,
    10000
  ],
  "num_parameters": 174788,
  "ranges": [
    "train",
    "test_6digit",
    "test_7digit",
    "test_8digit"
  ],
  "records": [
    {
      "epoch": 10,
      "weight_path": "runs\\grokking\\medium\\milestones\\epoch_000010.pt",
      "metrics": {
        "train": {
          "accuracy": 0.6666666666666666,
          "macro_f1": 0.4000022501181298,
          "num_samples": 99999,
          "elapsed_sec": 2.248519800006761
        },
        "test_6digit": {
          "accuracy": 0.6666666666666666,
          "macro_f1": 0.4,
          "num_samples": 900000,
          "elapsed_sec": 5.1902894000086235
        },
        "test_7digit": {
          "accuracy": 0.6666666666666666,
          "macro_f1": 0.4,
          "num_samples": 9000000,
          "elapsed_sec": 69.86296420000144
        },
        "test_8digit": {
          "accuracy": 0.6666666666666666,
          "macro_f1": 0.4,
          "num_samples": 90000000,
          "elapsed_sec": 1181.177560400014
        }
      },
      "elapsed_sec": 1258.4974954000063
    },
    {
      "epoch": 50,
      "weight_path": "runs\\grokking\\medium\\milestones\\epoch_000050.pt",
      "metrics": {
        "train": {
          "accuracy": 1.0,
          "macro_f1": 1.0,
          "num_samples": 99999,
          "elapsed_sec": 2.2251113999955123
        },
        "test_6digit": {
          "accuracy": 0.9703533333333333,
          "macro_f1": 0.9677191622026955,
          "num_samples": 900000,
          "elapsed_sec": 4.958036099997116
        },
        "test_7digit": {
          "accuracy": 0.9102456666666666,
          "macro_f1": 0.9006274408544133,
          "num_samples": 9000000,
          "elapsed_sec": 68.71996970000328
        },
        "test_8digit": {
          "accuracy": 0.8335205,
          "macro_f1": 0.8136534676685736,
          "num_samples": 90000000,
          "elapsed_sec": 1200.6498618000041
        }
      },
      "elapsed_sec": 1276.5753482
    },
    {
      "epoch": 100,
      "weight_path": "runs\\grokking\\medium\\milestones\\epoch_000100.pt",
      "metrics": {
        "train": {
          "accuracy": 1.0,
          "macro_f1": 1.0,
          "num_samples": 99999,
          "elapsed_sec": 2.220517200010363
        },
        "test_6digit": {
          "accuracy": 0.9677744444444445,
          "macro_f1": 0.9665677341652193,
          "num_samples": 900000,
          "elapsed_sec": 4.9560788000089815
        },
        "test_7digit": {
          "accuracy": 0.9050031111111111,
          "macro_f1": 0.8982299359547905,
          "num_samples": 9000000,
          "elapsed_sec": 71.07002319999447
        },
        "test_8digit": {
          "accuracy": 0.8273598333333333,
          "macro_f1": 0.8113530236160806,
          "num_samples": 90000000,
          "elapsed_sec": 1347.3201410000038
        }
      },
      "elapsed_sec": 1425.5823580000142
    },
    {
      "epoch": 500,
      "weight_path": "runs\\grokking\\medium\\milestones\\epoch_000500.pt",
      "metrics": {
        "train": {
          "accuracy": 1.0,
          "macro_f1": 1.0,
          "num_samples": 99999,
          "elapsed_sec": 2.326279600005364
        },
        "test_6digit": {
          "accuracy": 0.9692355555555555,
          "macro_f1": 0.9681977874053955,
          "num_samples": 900000,
          "elapsed_sec": 5.3657587000052445
        },
        "test_7digit": {
          "accuracy": 0.9080788888888889,
          "macro_f1": 0.9015871554936652,
          "num_samples": 9000000,
          "elapsed_sec": 75.76858869999705
        },
        "test_8digit": {
          "accuracy": 0.8266667666666667,
          "macro_f1": 0.81100763842202,
          "num_samples": 90000000,
          "elapsed_sec": 1272.0523681999912
        }
      },
      "elapsed_sec": 1355.5301207000011
    },
    {
      "epoch": 1000,
      "weight_path": "runs\\grokking\\medium\\milestones\\epoch_001000.pt",
      "metrics": {
        "train": {
          "accuracy": 1.0,
          "macro_f1": 1.0,
          "num_samples": 99999,
          "elapsed_sec": 2.191405300007318
        },
        "test_6digit": {
          "accuracy": 0.9596255555555555,
          "macro_f1": 0.9602367442713224,
          "num_samples": 900000,
          "elapsed_sec": 5.422546699992381
        },
        "test_7digit": {
          "accuracy": 0.8695707777777778,
          "macro_f1": 0.866835900566723,
          "num_samples": 9000000,
          "elapsed_sec": 73.27683499999694
        },
        "test_8digit": {
          "accuracy": 0.7645317777777778,
          "macro_f1": 0.7546190677662948,
          "num_samples": 90000000,
          "elapsed_sec": 1299.9551137999952
        }
      },
      "elapsed_sec": 1380.8675097999949
    },
    {
      "epoch": 5000,
      "weight_path": "runs\\grokking\\medium\\milestones\\epoch_005000.pt",
      "metrics": {
        "train": {
          "accuracy": 1.0,
          "macro_f1": 1.0,
          "num_samples": 99999,
          "elapsed_sec": 2.171317500004079
        },
        "test_6digit": {
          "accuracy": 0.96068,
          "macro_f1": 0.9621878313915315,
          "num_samples": 900000,
          "elapsed_sec": 5.286792900005821
        },
        "test_7digit": {
          "accuracy": 0.8645661111111111,
          "macro_f1": 0.8613456143658725,
          "num_samples": 9000000,
          "elapsed_sec": 73.05005879999953
        },
        "test_8digit": {
          "accuracy": 0.7612796666666667,
          "macro_f1": 0.745582729305092,
          "num_samples": 90000000,
          "elapsed_sec": 1269.2953133999981
        }
      },
      "elapsed_sec": 1349.8276598999946
    },
    {
      "epoch": 10000,
      "weight_path": "runs\\grokking\\medium\\milestones\\epoch_010000.pt",
      "metrics": {
        "train": {
          "accuracy": 1.0,
          "macro_f1": 1.0,
          "num_samples": 99999,
          "elapsed_sec": 2.224904600006994
        },
        "test_6digit": {
          "accuracy": 0.9666244444444444,
          "macro_f1": 0.9673794785373846,
          "num_samples": 900000,
          "elapsed_sec": 5.271141099990928
        },
        "test_7digit": {
          "accuracy": 0.8746863333333333,
          "macro_f1": 0.8715020134657155,
          "num_samples": 9000000,
          "elapsed_sec": 72.44780190000893
        },
        "test_8digit": {
          "accuracy": 0.7706508777777777,
          "macro_f1": 0.7553244098179774,
          "num_samples": 90000000,
          "elapsed_sec": 1253.1763415000023
        }
      },
      "elapsed_sec": 1333.1482363999967
    }
  ],
  "plot_path": "runs\\images\\grokking\\grokking_medium.png"
}