{
  "name": "large",
  "seed": 42,
  "config_path": "configs\\large.yaml",
  "weight_path": "runs\\weights\\large\\model.pt",
  "num_parameters": 5915396,
  "results": {
    "test_6digit": {
      "name": "test_6digit",
      "start": 100000,
      "end": 999999,
      "batch_size": 65536,
      "num_samples": 900000,
      "elapsed_sec": 6.984560200002306,
      "metrics": {
        "accuracy": 0.9670744444444445,
        "macro_precision": 0.965395122192156,
        "macro_recall": 0.965975,
        "macro_f1": 0.9656667343637476,
        "classwise": {
          "Number": {
            "precision": 0.9721605550460809,
            "recall": 0.9761666666666666,
            "f1": 0.9741594922129195,
            "support": 480000
          },
          "Fizz": {
            "precision": 0.951937215887607,
            "recall": 0.9440916666666667,
            "f1": 0.9479982092874387,
            "support": 240000
          },
          "Buzz": {
            "precision": 0.9833222875647016,
            "recall": 0.976775,
            "f1": 0.9800377088724544,
            "support": 120000
          },
          "FizzBuzz": {
            "precision": 0.9541604302702347,
            "recall": 0.9668666666666667,
            "f1": 0.9604715270821779,
            "support": 60000
          }
        },
        "confusion_matrix": [
          [
            468560,
            11440,
            0,
            0
          ],
          [
            13418,
            226582,
            0,
            0
          ],
          [
            0,
            0,
            117213,
            2787
          ],
          [
            0,
            0,
            1988,
            58012
          ]
        ],
        "num_samples": 900000
      }
    },
    "test_7digit": {
      "name": "test_7digit",
      "start": 1000000,
      "end": 9999999,
      "batch_size": 65536,
      "num_samples": 9000000,
      "elapsed_sec": 74.75410209999973,
      "metrics": {
        "accuracy": 0.8244923333333334,
        "macro_precision": 0.8151684045813746,
        "macro_recall": 0.8154168229166666,
        "macro_f1": 0.8152001359066112,
        "classwise": {
          "Number": {
            "precision": 0.8578484142056619,
            "recall": 0.869438125,
            "f1": 0.8636043874042937,
            "support": 4800000
          },
          "Fizz": {
            "precision": 0.7316246358372542,
            "recall": 0.7118558333333334,
            "f1": 0.7216048653992239,
            "support": 2400000
          },
          "Buzz": {
            "precision": 0.896692321865972,
            "recall": 0.8840833333333333,
            "f1": 0.8903431878969053,
            "support": 1200000
          },
          "FizzBuzz": {
            "precision": 0.7745082464166102,
            "recall": 0.79629,
            "f1": 0.785248102926022,
            "support": 600000
          }
        },
        "confusion_matrix": [
          [
            4173303,
            626697,
            0,
            0
          ],
          [
            691546,
            1708454,
            0,
            0
          ],
          [
            0,
            0,
            1060900,
            139100
          ],
          [
            0,
            0,
            122226,
            477774
          ]
        ],
        "num_samples": 9000000
      }
    },
    "test_8digit": {
      "name": "test_8digit",
      "start": 10000000,
      "end": 99999999,
      "batch_size": 65536,
      "num_samples": 90000000,
      "elapsed_sec": 794.8999029000006,
      "metrics": {
        "accuracy": 0.6678517777777778,
        "macro_precision": 0.6284162086471486,
        "macro_recall": 0.6248573020833332,
        "macro_f1": 0.6262376664201676,
        "classwise": {
          "Number": {
            "precision": 0.7373302506463589,
            "recall": 0.7720403333333333,
            "f1": 0.7542861885977024,
            "support": 48000000
          },
          "Fizz": {
            "precision": 0.49669405548191126,
            "recall": 0.4499299583333333,
            "f1": 0.472156912197259,
            "support": 24000000
          },
          "Buzz": {
            "precision": 0.7584477796887432,
            "recall": 0.76427525,
            "f1": 0.7613503639621803,
            "support": 12000000
          },
          "FizzBuzz": {
            "precision": 0.5211927487715814,
            "recall": 0.5131836666666667,
            "f1": 0.5171572009235291,
            "support": 6000000
          }
        },
        "confusion_matrix": [
          [
            37057936,
            10942064,
            0,
            0
          ],
          [
            13201681,
            10798319,
            0,
            0
          ],
          [
            0,
            0,
            9171303,
            2828697
          ],
          [
            0,
            0,
            2920898,
            3079102
          ]
        ],
        "num_samples": 90000000
      }
    }
  },
  "summary": {
    "test_6digit": {
      "accuracy": 0.9670744444444445,
      "macro_precision": 0.965395122192156,
      "macro_recall": 0.965975,
      "macro_f1": 0.9656667343637476,
      "num_samples": 900000,
      "elapsed_sec": 6.984560200002306
    },
    "test_7digit": {
      "accuracy": 0.8244923333333334,
      "macro_precision": 0.8151684045813746,
      "macro_recall": 0.8154168229166666,
      "macro_f1": 0.8152001359066112,
      "num_samples": 9000000,
      "elapsed_sec": 74.75410209999973
    },
    "test_8digit": {
      "accuracy": 0.6678517777777778,
      "macro_precision": 0.6284162086471486,
      "macro_recall": 0.6248573020833332,
      "macro_f1": 0.6262376664201676,
      "num_samples": 90000000,
      "elapsed_sec": 794.8999029000006
    }
  }
}