{
  "epoch": 10,
  "weight_path": "runs\\grokking\\large\\milestones\\epoch_000010.pt",
  "metrics": {
    "train": {
      "accuracy": 0.6666666666666666,
      "macro_f1": 0.4000022501181298,
      "num_samples": 99999,
      "elapsed_sec": 2.5399921999924118
    },
    "test_6digit": {
      "accuracy": 0.6666666666666666,
      "macro_f1": 0.4,
      "num_samples": 900000,
      "elapsed_sec": 6.976951899996493
    },
    "test_7digit": {
      "accuracy": 0.6666666666666666,
      "macro_f1": 0.4,
      "num_samples": 9000000,
      "elapsed_sec": 74.5854709999985
    },
    "test_8digit": {
      "accuracy": 0.6666666666666666,
      "macro_f1": 0.4,
      "num_samples": 90000000,
      "elapsed_sec": 792.1719955000008
    }
  },
  "elapsed_sec": 876.33234980001
}