{
  "name": "medium",
  "seed": 42,
  "config_path": "configs\\medium.yaml",
  "weight_path": "runs\\weights\\medium\\model.pt",
  "num_parameters": 174788,
  "results": {
    "test_6digit": {
      "name": "test_6digit",
      "start": 100000,
      "end": 999999,
      "batch_size": 524288,
      "num_samples": 900000,
      "elapsed_sec": 5.454023100002814,
      "metrics": {
        "accuracy": 0.9768955555555555,
        "macro_precision": 0.973252456279075,
        "macro_recall": 0.9715567708333334,
        "macro_f1": 0.9723932970713878,
        "classwise": {
          "Number": {
            "precision": 0.9804898151906494,
            "recall": 0.9863645833333333,
            "f1": 0.9834184256332071,
            "support": 480000
          },
          "Fizz": {
            "precision": 0.9723984075842176,
            "recall": 0.9607458333333333,
            "f1": 0.9665370008635072,
            "support": 240000
          },
          "Buzz": {
            "precision": 0.9793720031965903,
            "recall": 0.9804166666666667,
            "f1": 0.9798940565031984,
            "support": 120000
          },
          "FizzBuzz": {
            "precision": 0.9607495991448424,
            "recall": 0.9587,
            "f1": 0.9597237052856381,
            "support": 60000
          }
        },
        "confusion_matrix": [
          [
            473455,
            6545,
            0,
            0
          ],
          [
            9421,
            230579,
            0,
            0
          ],
          [
            0,
            0,
            117650,
            2350
          ],
          [
            0,
            0,
            2478,
            57522
          ]
        ],
        "num_samples": 900000
      }
    },
    "test_7digit": {
      "name": "test_7digit",
      "start": 1000000,
      "end": 9999999,
      "batch_size": 524288,
      "num_samples": 9000000,
      "elapsed_sec": 74.63532779999878,
      "metrics": {
        "accuracy": 0.9166603333333333,
        "macro_precision": 0.9081185973292921,
        "macro_recall": 0.9004032291666666,
        "macro_f1": 0.9040609660201466,
        "classwise": {
          "Number": {
            "precision": 0.928322424022185,
            "recall": 0.94945375,
            "f1": 0.9387691876066379,
            "support": 4800000
          },
          "Fizz": {
            "precision": 0.8940856614767817,
            "recall": 0.8533816666666667,
            "f1": 0.8732596022203756,
            "support": 2400000
          },
          "Buzz": {
            "precision": 0.9293617182213649,
            "recall": 0.9419708333333333,
            "f1": 0.9356237954112125,
            "support": 1200000
          },
          "FizzBuzz": {
            "precision": 0.8807045855968368,
            "recall": 0.8568066666666667,
            "f1": 0.8685912788423605,
            "support": 600000
          }
        },
        "confusion_matrix": [
          [
            4557378,
            242622,
            0,
            0
          ],
          [
            351884,
            2048116,
            0,
            0
          ],
          [
            0,
            0,
            1130365,
            69635
          ],
          [
            0,
            0,
            85916,
            514084
          ]
        ],
        "num_samples": 9000000
      }
    },
    "test_8digit": {
      "name": "test_8digit",
      "start": 10000000,
      "end": 99999999,
      "batch_size": 524288,
      "num_samples": 90000000,
      "elapsed_sec": 1236.8364924000016,
      "metrics": {
        "accuracy": 0.8287984444444444,
        "macro_precision": 0.8093540935822279,
        "macro_recall": 0.794966375,
        "macro_f1": 0.8012158856543159,
        "classwise": {
          "Number": {
            "precision": 0.8548112096811861,
            "recall": 0.8971445416666667,
            "f1": 0.8754664155541105,
            "support": 48000000
          },
          "Fizz": {
            "precision": 0.7716740337902462,
            "recall": 0.695241875,
            "f1": 0.7314667445165163,
            "support": 24000000
          },
          "Buzz": {
            "precision": 0.8557209003195774,
            "recall": 0.88637375,
            "f1": 0.8707776506064118,
            "support": 12000000
          },
          "FizzBuzz": {
            "precision": 0.7552102305379014,
            "recall": 0.7011053333333334,
            "f1": 0.7271527319402252,
            "support": 6000000
          }
        },
        "confusion_matrix": [
          [
            43062938,
            4937062,
            0,
            0
          ],
          [
            7314195,
            16685805,
            0,
            0
          ],
          [
            0,
            0,
            10636485,
            1363515
          ],
          [
            0,
            0,
            1793368,
            4206632
          ]
        ],
        "num_samples": 90000000
      }
    }
  },
  "summary": {
    "test_6digit": {
      "accuracy": 0.9768955555555555,
      "macro_precision": 0.973252456279075,
      "macro_recall": 0.9715567708333334,
      "macro_f1": 0.9723932970713878,
      "num_samples": 900000,
      "elapsed_sec": 5.454023100002814
    },
    "test_7digit": {
      "accuracy": 0.9166603333333333,
      "macro_precision": 0.9081185973292921,
      "macro_recall": 0.9004032291666666,
      "macro_f1": 0.9040609660201466,
      "num_samples": 9000000,
      "elapsed_sec": 74.63532779999878
    },
    "test_8digit": {
      "accuracy": 0.8287984444444444,
      "macro_precision": 0.8093540935822279,
      "macro_recall": 0.794966375,
      "macro_f1": 0.8012158856543159,
      "num_samples": 90000000,
      "elapsed_sec": 1236.8364924000016
    }
  }
}