{
  "name": "small",
  "seed": 42,
  "config_path": "configs\\small.yaml",
  "weight_path": "runs\\weights\\small\\model.pt",
  "num_parameters": 5108,
  "results": {
    "test_6digit": {
      "name": "test_6digit",
      "start": 100000,
      "end": 999999,
      "batch_size": 524288,
      "num_samples": 900000,
      "elapsed_sec": 4.858200200000283,
      "metrics": {
        "accuracy": 0.9968277777777778,
        "macro_precision": 0.9961712604997884,
        "macro_recall": 0.9970729166666666,
        "macro_f1": 0.9966168038374129,
        "classwise": {
          "Number": {
            "precision": 0.997322004956165,
            "recall": 0.9977583333333333,
            "f1": 0.99754012143177,
            "support": 480000
          },
          "Fizz": {
            "precision": 0.9955127403144418,
            "recall": 0.9946416666666666,
            "f1": 0.9950770128597929,
            "support": 240000
          },
          "Buzz": {
            "precision": 1.0,
            "recall": 0.9958916666666666,
            "f1": 0.9979416050470341,
            "support": 120000
          },
          "FizzBuzz": {
            "precision": 0.9918502967285471,
            "recall": 1.0,
            "f1": 0.9959084760110546,
            "support": 60000
          }
        },
        "confusion_matrix": [
          [
            478924,
            1076,
            0,
            0
          ],
          [
            1286,
            238714,
            0,
            0
          ],
          [
            0,
            0,
            119507,
            493
          ],
          [
            0,
            0,
            0,
            60000
          ]
        ],
        "num_samples": 900000
      }
    },
    "test_7digit": {
      "name": "test_7digit",
      "start": 1000000,
      "end": 9999999,
      "batch_size": 524288,
      "num_samples": 9000000,
      "elapsed_sec": 52.3427062999981,
      "metrics": {
        "accuracy": 0.9791541111111111,
        "macro_precision": 0.9767020526758301,
        "macro_recall": 0.9794473437500001,
        "macro_f1": 0.9780171266233357,
        "classwise": {
          "Number": {
            "precision": 0.9828410144587889,
            "recall": 0.9846652083333334,
            "f1": 0.9837522657358916,
            "support": 4800000
          },
          "Fizz": {
            "precision": 0.9692161444294676,
            "recall": 0.9656183333333334,
            "f1": 0.9674138938291926,
            "support": 2400000
          },
          "Buzz": {
            "precision": 0.9936604152373099,
            "recall": 0.9800108333333334,
            "f1": 0.9867884251668545,
            "support": 1200000
          },
          "FizzBuzz": {
            "precision": 0.9610906365777538,
            "recall": 0.987495,
            "f1": 0.9741139217614041,
            "support": 600000
          }
        },
        "confusion_matrix": [
          [
            4726393,
            73607,
            0,
            0
          ],
          [
            82516,
            2317484,
            0,
            0
          ],
          [
            0,
            0,
            1176013,
            23987
          ],
          [
            0,
            0,
            7503,
            592497
          ]
        ],
        "num_samples": 9000000
      }
    },
    "test_8digit": {
      "name": "test_8digit",
      "start": 10000000,
      "end": 99999999,
      "batch_size": 524288,
      "num_samples": 90000000,
      "elapsed_sec": 527.1088143000015,
      "metrics": {
        "accuracy": 0.9472005222222222,
        "macro_precision": 0.9422876944966598,
        "macro_recall": 0.943857578125,
        "macro_f1": 0.9430431079436152,
        "classwise": {
          "Number": {
            "precision": 0.9581844565210164,
            "recall": 0.9606310208333333,
            "f1": 0.9594061789448802,
            "support": 48000000
          },
          "Fizz": {
            "precision": 0.9208578892879639,
            "recall": 0.916155375,
            "f1": 0.9185006132324536,
            "support": 24000000
          },
          "Buzz": {
            "precision": 0.9691733305236305,
            "recall": 0.95969425,
            "f1": 0.9644104986246701,
            "support": 12000000
          },
          "FizzBuzz": {
            "precision": 0.9209351016540286,
            "recall": 0.9389496666666667,
            "f1": 0.9298551409724571,
            "support": 6000000
          }
        },
        "confusion_matrix": [
          [
            46110289,
            1889711,
            0,
            0
          ],
          [
            2012271,
            21987729,
            0,
            0
          ],
          [
            0,
            0,
            11516331,
            483669
          ],
          [
            0,
            0,
            366302,
            5633698
          ]
        ],
        "num_samples": 90000000
      }
    }
  },
  "summary": {
    "test_6digit": {
      "accuracy": 0.9968277777777778,
      "macro_precision": 0.9961712604997884,
      "macro_recall": 0.9970729166666666,
      "macro_f1": 0.9966168038374129,
      "num_samples": 900000,
      "elapsed_sec": 4.858200200000283
    },
    "test_7digit": {
      "accuracy": 0.9791541111111111,
      "macro_precision": 0.9767020526758301,
      "macro_recall": 0.9794473437500001,
      "macro_f1": 0.9780171266233357,
      "num_samples": 9000000,
      "elapsed_sec": 52.3427062999981
    },
    "test_8digit": {
      "accuracy": 0.9472005222222222,
      "macro_precision": 0.9422876944966598,
      "macro_recall": 0.943857578125,
      "macro_f1": 0.9430431079436152,
      "num_samples": 90000000,
      "elapsed_sec": 527.1088143000015
    }
  }
}